CODE_COUNTRY,VAL
FSM,1.349974757156641
PLW,1.3127409658237068
CUW,1.2081643409565426
GUF,1.2424727324915363