CODE_COUNTRY,VAL
WLF,1.185257840584383
NFK,1.308641975308642