CODE_COUNTRY,VAL
AIA,1.0101341015673526
SJM,1.0122393148159206
PLW,1.0083410146950644
MSR,1.0155431554443708
GIB,1.0094126494237876