CODE_COUNTRY,VAL
AND,1.00375760566151
WLF,1.0089522279116003
FSM,1.0067513744326906
GUF,1.007114124519999